applied_fov_radius,applied_global_solver,applied_hard_safety,applied_horizon,applied_replan_every,applied_safety_radius,applied_task_allocator,assignments_broken,assignments_kept,collisions_agent_agent,collisions_agent_exogenous,collisions_agent_human,communication_mode,completed_tasks,deadlock_count,delay_events,error_msg,experiment,fov_radius,global_replans,global_solver,hard_safety,horizon,human_model,human_passive_wait_steps,immediate_assignments,intervention_rate,local_planner,local_replans,log_violations_timeline,makespan,map_path,map_to_human_model,max_flowtime,max_planning_time_ms,mean_decision_time_ms,mean_flowtime,mean_planning_time_ms,mean_service_time,median_flowtime,method,mode,near_misses,num_agents,num_humans,p95_decision_time_ms,p95_planning_time_ms,replan_every,replans,run_id,safe_wait_steps,safety_radius,safety_violation_rate,safety_violations,seed,solver_errors,solver_partial_returns,solver_timeout_s,solver_timeouts,status,steps,sum_of_costs,task_allocator,task_completion,throughput,throughput_timeline_len,total_released_tasks,total_wait_steps,violations_agent_attributable,violations_agent_timeline_len,violations_exogenous_attributable,violations_exogenous_timeline_len,wait_fraction,wall_clock_s,yield_wait_steps
,,,,,,,0,1181,0,0,0,priority,1181,26,0,,temporal_progression,4,209,lacam_official,True,20,random_walk,338,0,104.5,astar,15256,True,1999,data/maps/warehouse-10-20-10-2-2.map,"{""random-64-64-10"": ""random_walk"", ""warehouse-10-20-10-2-1"": ""aisle"", ""warehouse-10-20-10-2-2"": ""aisle""}",615.0,12557.198525057174,491.26352778990986,151.54614733276884,2537.653002256871,150.78408128704487,138.0,ours,lifelong,0,150,100,591.506257338915,11829.4104764238,10,15465,07f0b792294805bb9a8914cd866bec6fbf45b2e377fc80ff1a09a95c2998200c,1534,1,1452.0,2904,1,45,0,10.0,0,ok,2000,178076,congestion_avoidance,0.9744224422442244,0.5905,2000,1212,20526,0,2000,2904,2000,0.06842,994.3573,18992
,,,,,,,0,1191,0,0,0,priority,1191,21,0,,temporal_progression,4,207,lacam_official,True,20,random_walk,379,0,103.5,astar,16827,True,1991,data/maps/warehouse-10-20-10-2-2.map,"{""random-64-64-10"": ""random_walk"", ""warehouse-10-20-10-2-1"": ""aisle"", ""warehouse-10-20-10-2-2"": ""aisle""}",636.0,13258.228485938162,612.4035090483376,153.7489504617968,3682.909708561776,153.02183039462636,140.0,ours,lifelong,0,150,100,716.6121656191534,12046.334974793715,10,17034,751313baff9190e67d5457277b649b13dae04d11d1679aeaa0b74dbac11a5889,1936,1,1533.0,3066,5,65,0,10.0,0,ok,2000,182249,congestion_avoidance,0.9778325123152708,0.5955,2000,1218,18107,0,2000,3066,2000,0.0603566666666666,1236.2637,16171
,,,,,,,0,1191,0,0,0,priority,1191,30,0,,temporal_progression,4,208,lacam_official,True,20,random_walk,361,0,104.0,astar,18700,True,1996,data/maps/warehouse-10-20-10-2-2.map,"{""random-64-64-10"": ""random_walk"", ""warehouse-10-20-10-2-1"": ""aisle"", ""warehouse-10-20-10-2-2"": ""aisle""}",844.0,13050.633877981454,731.3059837758192,151.73551637279596,4614.425688471573,150.208228379513,142.0,ours,lifelong,0,150,100,788.2191465585493,12081.86290321755,10,18908,ba075f849457bbc549fe585e071ce6881707655b1683bacd5b65f43439a01e2b,2150,1,1481.0,2962,0,82,0,10.0,0,ok,2000,178898,congestion_avoidance,0.9786359901396876,0.5955,2000,1217,18646,0,2000,2962,2000,0.0621533333333333,1474.5001,16496
,,,,,,,0,1198,0,0,0,priority,1198,24,0,,temporal_progression,4,205,lacam_official,True,20,random_walk,362,0,102.5,astar,18917,True,1999,data/maps/warehouse-10-20-10-2-2.map,"{""random-64-64-10"": ""random_walk"", ""warehouse-10-20-10-2-1"": ""aisle"", ""warehouse-10-20-10-2-2"": ""aisle""}",572.0,12725.868158973752,743.7744458214729,148.99248747913188,4851.094787601359,147.59766277128548,138.0,ours,lifelong,0,150,100,765.8259436488152,12169.304334884508,10,19122,b37c1f635db86c33db372faef847463a5de459dd0ceb017be71ddf58710ff588,1865,1,1558.5,3117,6,85,0,10.0,0,ok,2000,176822,congestion_avoidance,0.9827727645611156,0.599,2000,1219,17700,0,2000,3117,2000,0.059,1499.843,15835
,,,,,,,0,1184,0,0,0,priority,1184,25,0,,temporal_progression,4,203,lacam_official,True,20,random_walk,307,0,101.5,astar,19546,True,1997,data/maps/warehouse-10-20-10-2-2.map,"{""random-64-64-10"": ""random_walk"", ""warehouse-10-20-10-2-1"": ""aisle"", ""warehouse-10-20-10-2-2"": ""aisle""}",603.0,12831.275004078634,744.0411450215033,152.21199324324326,4914.590272394105,150.80320945945945,138.0,ours,lifelong,0,150,100,831.1549875536002,12085.04127318738,10,19749,e4151a482c47a6d1ee8a9eec103b76eba8c37207392a87eb1c102ac7fee0e6bc,1545,1,1389.0,2778,2,86,0,10.0,0,ok,2000,178551,congestion_avoidance,0.9728841413311422,0.592,2000,1217,18861,0,2000,2778,2000,0.06287,1500.1781,17316
,,,,,,,0,1208,0,0,0,priority,1208,19,0,,temporal_progression,4,209,lacam_official,True,20,random_walk,317,0,104.5,astar,18871,True,1970,data/maps/warehouse-10-20-10-2-2.map,"{""random-64-64-10"": ""random_walk"", ""warehouse-10-20-10-2-1"": ""aisle"", ""warehouse-10-20-10-2-2"": ""aisle""}",531.0,14181.4597370103,755.7816441572504,151.15976821192052,4712.89361885506,150.3269867549669,140.0,ours,lifelong,0,150,100,791.3526751974131,12404.743749182671,10,19080,510ece337e378fe34cca068f2167e21b550e05267dcf51580de727eb6221ec65,2230,1,1416.5,2833,7,83,0,10.0,0,ok,2000,181595,congestion_avoidance,0.9821138211382112,0.604,2000,1230,16417,0,2000,2833,2000,0.0547233333333333,1524.4525,14187
,,,,,,,0,1224,0,0,0,priority,1224,8,0,,temporal_progression,4,216,lacam_official,True,20,random_walk,333,0,108.0,astar,19105,True,1997,data/maps/warehouse-10-20-10-2-2.map,"{""random-64-64-10"": ""random_walk"", ""warehouse-10-20-10-2-1"": ""aisle"", ""warehouse-10-20-10-2-2"": ""aisle""}",600.0,15168.87674294412,774.8989899090375,153.21241830065358,5042.271180622198,152.45343137254903,140.0,ours,lifelong,0,150,100,836.550257739145,13192.0465247822,10,19321,d6464f6375a52ebb9f9c82a58ff4eb58d263aa6498eb44c6d09e872b8218799a,2313,1,1431.0,2862,3,82,0,10.0,7,ok,2000,186603,congestion_avoidance,0.988691437802908,0.612,2000,1238,14247,0,2000,2862,2000,0.04749,1561.4497,11934
,,,,,,,0,1123,0,0,0,priority,1123,15,0,,temporal_progression,4,201,lacam_official,True,20,random_walk,353,0,100.5,astar,18934,True,1998,data/maps/warehouse-10-20-10-2-2.map,"{""random-64-64-10"": ""random_walk"", ""warehouse-10-20-10-2-1"": ""aisle"", ""warehouse-10-20-10-2-2"": ""aisle""}",493.0,12763.947330066005,777.5290070998599,153.21816562778272,5293.149519510757,152.47373107747106,141.0,ours,lifelong,0,150,100,984.2325958714353,12306.53403501492,10,19135,d69573f5b1332ae515e259929b53756392d9a92629b074caab3bfbfcd0b2a056,1556,1,1483.5,2967,8,91,0,10.0,0,ok,2000,171228,congestion_avoidance,0.979075850043592,0.5615,2000,1147,16410,0,2000,2967,2000,0.0547,1567.2709,14854
,,,,,,,0,1175,0,0,0,priority,1175,23,0,,temporal_progression,4,208,lacam_official,True,20,random_walk,301,0,104.0,astar,22584,True,1998,data/maps/warehouse-10-20-10-2-2.map,"{""random-64-64-10"": ""random_walk"", ""warehouse-10-20-10-2-1"": ""aisle"", ""warehouse-10-20-10-2-2"": ""aisle""}",759.0,13356.27885395661,789.4630975384498,165.22893617021276,5315.4221259409005,163.43659574468086,151.0,ours,lifelong,0,150,100,875.613874185363,11955.12994743185,10,22792,054be6973d8f1b66a198d3bb8d71fe22907a7f3b132dafbc6c0be10d5d3da145,2129,1,1280.0,2560,9,96,0,10.0,0,ok,2000,192038,congestion_avoidance,0.9840871021775544,0.5875,2000,1194,18512,0,2000,2560,2000,0.0617066666666666,1590.862,16383
,,,,,,,0,1253,0,0,0,priority,1253,9,0,,temporal_progression,4,202,lacam_official,True,20,random_walk,292,0,101.0,astar,26227,True,1995,data/maps/warehouse-10-20-10-2-2.map,"{""random-64-64-10"": ""random_walk"", ""warehouse-10-20-10-2-1"": ""aisle"", ""warehouse-10-20-10-2-2"": ""aisle""}",539.0,12798.923048074355,889.3394175767899,167.66320830007982,6456.677371454494,165.99920191540303,158.0,ours,lifelong,0,150,100,11446.70787472278,12073.694898671238,10,26429,534a4b3146ae07afe32fa13be32fe900ea239fd3237a4e330b75163d4962d9cc,2336,1,1172.5,2345,4,114,0,10.0,0,ok,2000,207997,congestion_avoidance,0.9842890809112332,0.6265,2000,1273,16280,0,2000,2345,2000,0.0542666666666666,1791.2667,13944
,,,,,,,0,1199,0,0,0,priority,1199,37,0,,temporal_progression,4,201,lacam_official,True,20,random_walk,0,0,100.5,astar,8531,True,1984,data/maps/warehouse-10-20-10-2-2.map,"{""random-64-64-10"": ""random_walk"", ""warehouse-10-20-10-2-1"": ""aisle"", ""warehouse-10-20-10-2-2"": ""aisle""}",560.0,12891.24434196856,439.9498064640211,123.8648874061718,1771.676572977996,123.34778982485405,109.0,no_buffer,lifelong,3640,150,100,736.9660538272001,12241.017183987424,10,8732,c386dab65225d913645af0fa83ec535b8853dfc19893a5dab641d2cacf090955,385,1,0.0,0,1,29,0,10.0,0,ok,2000,147894,congestion_avoidance,0.9892739273927392,0.5995,2000,1212,20639,0,2000,0,2000,0.0687966666666666,892.0816,20254
,,,,,,,0,1192,0,0,0,priority,1192,40,0,,temporal_progression,4,200,lacam_official,True,20,random_walk,0,0,100.0,astar,10464,True,1997,data/maps/warehouse-10-20-10-2-2.map,"{""random-64-64-10"": ""random_walk"", ""warehouse-10-20-10-2-1"": ""aisle"", ""warehouse-10-20-10-2-2"": ""aisle""}",444.0,13546.918171923608,566.6687677517766,123.20553691275168,3210.181495315046,122.53859060402684,112.0,no_buffer,lifelong,3532,150,100,651.7025528592058,12385.739777743584,10,10664,56230422f88d740749843e5090123a29f84574bbacca460283da98bf4e330b7b,673,1,0.0,0,0,53,0,10.0,0,ok,2000,146066,congestion_avoidance,0.9794576828266228,0.596,2000,1217,21191,0,2000,0,2000,0.0706366666666666,1144.8265,20518
,,,,,,,0,1196,0,0,0,priority,1196,35,0,,temporal_progression,4,201,lacam_official,True,20,random_walk,0,0,100.5,astar,10458,True,1987,data/maps/warehouse-10-20-10-2-2.map,"{""random-64-64-10"": ""random_walk"", ""warehouse-10-20-10-2-1"": ""aisle"", ""warehouse-10-20-10-2-2"": ""aisle""}",381.0,13431.459128041752,557.4577826380264,122.49414715719064,3047.684377793162,121.75,111.0,no_buffer,lifelong,3308,150,100,768.1667814089449,12380.07289194502,10,10659,0d1017e3ee1bae242471e845f0eb45ff30d2e6ab0f8f4eff66de5b2a8d8b137b,566,1,0.0,0,2,51,0,10.0,0,ok,2000,145613,congestion_avoidance,0.9827444535743632,0.598,2000,1217,19444,0,2000,0,2000,0.0648133333333333,1126.6457,18878
,,,,,,,0,1200,0,0,0,priority,1200,22,0,,temporal_progression,4,200,lacam_official,True,20,random_walk,0,0,100.0,astar,10621,True,1990,data/maps/warehouse-10-20-10-2-2.map,"{""random-64-64-10"": ""random_walk"", ""warehouse-10-20-10-2-1"": ""aisle"", ""warehouse-10-20-10-2-2"": ""aisle""}",623.0,13240.807360969484,582.5799516436527,126.28083333333332,3308.069640203612,125.83083333333332,110.0,no_buffer,lifelong,3491,150,100,746.284656273201,12327.529348240932,10,10821,0b94f0ca467dd0d29b8d814fc70b3806572929979e4470be735db8f010a566e8,987,1,0.0,0,5,55,0,10.0,0,ok,2000,150997,congestion_avoidance,0.9852216748768472,0.6,2000,1218,17659,0,2000,0,2000,0.0588633333333333,1176.5605,16672
,,,,,,,0,1232,0,0,0,priority,1232,37,0,,temporal_progression,4,200,lacam_official,True,20,random_walk,0,0,100.0,astar,11311,True,1968,data/maps/warehouse-10-20-10-2-2.map,"{""random-64-64-10"": ""random_walk"", ""warehouse-10-20-10-2-1"": ""aisle"", ""warehouse-10-20-10-2-2"": ""aisle""}",720.0,15128.178176935762,658.153046264255,127.3409090909091,4027.040011192439,127.15827922077922,115.0,no_buffer,lifelong,3796,150,100,730.5964315950404,12730.258564476388,10,11511,0552c13913a110db81f51ea6b8c94ec9dc3bfc324b4d1e8da5cbe8ef66035c5f,1298,1,0.0,0,3,64,0,10.0,1,ok,2000,156659,congestion_avoidance,0.9951534733441034,0.616,2000,1238,18967,0,2000,0,2000,0.0632233333333333,1327.7656,17669
,,,,,,,0,1125,0,0,0,priority,1125,47,0,,temporal_progression,4,200,lacam_official,True,20,random_walk,0,0,100.0,astar,11254,True,1996,data/maps/warehouse-10-20-10-2-2.map,"{""random-64-64-10"": ""random_walk"", ""warehouse-10-20-10-2-1"": ""aisle"", ""warehouse-10-20-10-2-2"": ""aisle""}",692.0,13261.014299001545,638.490710197424,127.39911111111113,3941.291363497148,127.016,117.0,no_buffer,lifelong,3190,150,100,759.4134257524274,12361.03851175285,10,11454,4a7b559a3890864e6b03fafb47b92c420cdbdd7c578f2fab739d736c842e401a,1007,1,0.0,0,8,66,0,10.0,0,ok,2000,142893,congestion_avoidance,0.980819529206626,0.5625,2000,1147,21165,0,2000,0,2000,0.07055,1287.8833,20158
,,,,,,,0,1200,0,0,0,priority,1200,43,0,,temporal_progression,4,200,lacam_official,True,20,random_walk,0,0,100.0,astar,11563,True,1971,data/maps/warehouse-10-20-10-2-2.map,"{""random-64-64-10"": ""random_walk"", ""warehouse-10-20-10-2-1"": ""aisle"", ""warehouse-10-20-10-2-2"": ""aisle""}",748.0,13676.066627027469,664.1374296401627,122.45833333333331,4118.975918524084,121.78333333333332,111.0,no_buffer,lifelong,3196,150,100,765.3010760957841,12241.83770576492,10,11763,c931a1981078d80da8df55b4cf4d4840ae8971009e99e3785d4d6a246ab4dcc7,1159,1,0.0,0,6,69,0,10.0,0,ok,2000,146140,congestion_avoidance,0.9844134536505332,0.6,2000,1219,20176,0,2000,0,2000,0.0672533333333333,1339.1759,19017
,,,,,,,0,1251,0,0,0,priority,1251,27,0,,temporal_progression,4,200,lacam_official,True,20,random_walk,0,0,100.0,astar,14389,True,1993,data/maps/warehouse-10-20-10-2-2.map,"{""random-64-64-10"": ""random_walk"", ""warehouse-10-20-10-2-1"": ""aisle"", ""warehouse-10-20-10-2-2"": ""aisle""}",547.0,12940.15457201749,707.0722022826667,127.57074340527578,4595.29837664857,126.82494004796165,119.0,no_buffer,lifelong,4256,150,100,726.138157432433,12314.777928817784,10,14589,44ad950d5fa2aca979b6bdebf9b28dcb7c6ceaba11fcb039de209101e3bcc461,1211,1,0.0,0,4,78,0,10.0,0,ok,2000,158658,congestion_avoidance,0.9827179890023566,0.6255,2000,1273,18344,0,2000,0,2000,0.0611466666666666,1425.2992,17133
,,,,,,,0,1178,0,0,0,priority,1178,38,0,,temporal_progression,4,202,lacam_official,True,20,random_walk,0,0,101.0,astar,12543,True,1988,data/maps/warehouse-10-20-10-2-2.map,"{""random-64-64-10"": ""random_walk"", ""warehouse-10-20-10-2-1"": ""aisle"", ""warehouse-10-20-10-2-2"": ""aisle""}",745.0,13442.746671964414,721.7436754869414,128.4295415959253,4745.697397915047,127.92444821731748,115.5,no_buffer,lifelong,3443,150,100,774.1976034361869,12604.565182200167,10,12745,4813e37c81916144d684efae9152b57c8a8e12ce200e462ad23fc2b3b70beeaf,1386,1,0.0,0,9,80,0,10.0,0,ok,2000,150695,congestion_avoidance,0.9865996649916248,0.589,2000,1194,19883,0,2000,0,2000,0.0662766666666666,1454.1738,18497
,,,,,,,0,1205,0,0,0,priority,1205,35,0,,temporal_progression,4,200,lacam_official,True,20,random_walk,0,0,100.0,astar,12133,True,1953,data/maps/warehouse-10-20-10-2-2.map,"{""random-64-64-10"": ""random_walk"", ""warehouse-10-20-10-2-1"": ""aisle"", ""warehouse-10-20-10-2-2"": ""aisle""}",458.0,12877.958336961456,734.7148396903067,120.53941908713692,4748.710650632274,120.07966804979252,112.0,no_buffer,lifelong,3282,150,100,859.0789494221096,12436.693333490985,10,12333,08ef4fcb89a84a3845c04152fa7bd594dda50e9e82d6f3243c20ecccd7078f1e,1755,1,0.0,0,7,79,0,10.0,0,ok,2000,144696,congestion_avoidance,0.9796747967479674,0.6025,2000,1230,17154,0,2000,0,2000,0.05718,1480.2799,15399
4.0,pibt2,True,20.0,1.0,1.0,congestion_avoidance,0,1184,0,0,0,priority,1184,86,0,,temporal_progression,4,2000,lacam_official,True,20,random_walk,2584,0,1000.0,astar,0,True,1968,data/maps/warehouse-10-20-10-2-2.map,"{""random-64-64-10"": ""random_walk"", ""warehouse-10-20-10-2-1"": ""aisle"", ""warehouse-10-20-10-2-2"": ""aisle""}",1235.0,149.83891905285418,204.87156486016465,133.61908783783784,34.596429093158804,133.2153716216216,107.0,pibt2_fr,lifelong,6897,150,100,481.0324409336317,56.97395439492538,10,2000,399f05c30210ea00da0da51fc8e905290f1c055142e5c06686e33ce61c97b9b3,0,1,8286.5,16573,5,0,902,10.0,0,ok,2000,157727,congestion_avoidance,0.9720853858784894,0.592,2000,1218,0,7114,2000,9459,2000,0.0,420.5341,0
4.0,pibt2,True,20.0,1.0,1.0,congestion_avoidance,0,1192,0,0,0,priority,1192,89,0,,temporal_progression,4,2000,lacam_official,True,20,random_walk,1680,0,1000.0,astar,0,True,1964,data/maps/warehouse-10-20-10-2-2.map,"{""random-64-64-10"": ""random_walk"", ""warehouse-10-20-10-2-1"": ""aisle"", ""warehouse-10-20-10-2-2"": ""aisle""}",1150.0,130.89254300575703,213.01907068362925,130.95721476510067,29.702648438862525,130.36828859060404,104.5,pibt2_fr,lifelong,7240,150,100,517.9679573280737,54.58922987454571,10,2000,c0e4c9a223a92539bf662c63a82ec122c84d866b95d162444a7c0e21637adc10,0,1,7096.0,14192,2,0,410,10.0,0,ok,2000,155399,congestion_avoidance,0.9794576828266228,0.596,2000,1217,0,7430,2000,6762,2000,0.0,436.9002,0
4.0,pibt2,True,20.0,1.0,1.0,congestion_avoidance,0,1219,0,0,0,priority,1219,79,0,,temporal_progression,4,2000,lacam_official,True,20,random_walk,1490,0,1000.0,astar,0,True,1937,data/maps/warehouse-10-20-10-2-2.map,"{""random-64-64-10"": ""random_walk"", ""warehouse-10-20-10-2-1"": ""aisle"", ""warehouse-10-20-10-2-2"": ""aisle""}",902.0,150.10217705275863,215.06541246402776,128.09926168990975,30.700283646932803,127.9442165709598,105.0,pibt2_fr,lifelong,7368,150,100,525.0845413538627,51.78310621995479,10,2000,739ee4b0691e6be920a0da217ea3a901780d3ef80e57e2e6764cf39474c1248e,0,1,7074.5,14149,3,0,608,10.0,0,ok,2000,155964,congestion_avoidance,0.9846526655896608,0.6095,2000,1238,0,7647,2000,6502,2000,0.0,440.8322,0
4.0,pibt2,True,20.0,1.0,1.0,congestion_avoidance,0,1244,0,0,0,priority,1244,85,0,,temporal_progression,4,2000,lacam_official,True,20,random_walk,1437,0,1000.0,astar,0,True,1968,data/maps/warehouse-10-20-10-2-2.map,"{""random-64-64-10"": ""random_walk"", ""warehouse-10-20-10-2-1"": ""aisle"", ""warehouse-10-20-10-2-2"": ""aisle""}",781.0,149.84979608561844,217.93796175636817,129.4967845659164,34.72217893716879,128.9509646302251,113.0,pibt2_fr,lifelong,7806,150,100,492.780977662187,59.43354178452864,10,2000,2302dca3f3a764316002caa59064359f90d702cec3ac06edda1bf8da3ca46883,0,1,7171.5,14343,4,0,961,10.0,0,ok,2000,160415,congestion_avoidance,0.9772191673212884,0.622,2000,1273,0,8033,2000,6310,2000,0.0,446.914,0
4.0,pibt2,True,20.0,1.0,1.0,congestion_avoidance,0,1173,0,0,0,priority,1173,88,0,,temporal_progression,4,2000,lacam_official,True,20,random_walk,1180,0,1000.0,astar,0,True,1995,data/maps/warehouse-10-20-10-2-2.map,"{""random-64-64-10"": ""random_walk"", ""warehouse-10-20-10-2-1"": ""aisle"", ""warehouse-10-20-10-2-2"": ""aisle""}",774.0,137.6479440368712,220.70020109036705,122.1926683716965,29.64772602613084,121.74083546462064,100.0,pibt2_fr,lifelong,6972,150,100,546.3732962321956,53.1230699387379,10,2000,7fab145573feb9ffdaace040fc91641d515b5482a628146ec391aaabceb8c3e1,0,1,6517.0,13034,1,0,485,10.0,0,ok,2000,142802,congestion_avoidance,0.9678217821782178,0.5865,2000,1212,0,7236,2000,5798,2000,0.0,452.6694,0
4.0,pibt2,True,20.0,1.0,1.0,congestion_avoidance,0,1187,0,0,0,priority,1187,76,0,,temporal_progression,4,2000,lacam_official,True,20,random_walk,1194,0,1000.0,astar,0,True,1947,data/maps/warehouse-10-20-10-2-2.map,"{""random-64-64-10"": ""random_walk"", ""warehouse-10-20-10-2-1"": ""aisle"", ""warehouse-10-20-10-2-2"": ""aisle""}",858.0,149.36573593877256,224.8272295864299,123.71693344566133,32.83196994481841,123.00926705981466,108.0,pibt2_fr,lifelong,6859,150,100,556.0576883435715,52.59903808473609,10,2000,2125b2e13b9aa8b26a5dafd6050fb9113ee704e33208c344d8c64e8fe358722b,0,1,6319.5,12639,0,0,1008,10.0,0,ok,2000,146012,congestion_avoidance,0.9753492193919474,0.5935,2000,1217,0,7049,2000,5590,2000,0.0,460.8948,0
4.0,pibt2,True,20.0,1.0,1.0,congestion_avoidance,0,1157,0,0,0,priority,1157,94,0,,temporal_progression,4,2000,lacam_official,True,20,random_walk,1158,0,1000.0,astar,0,True,1980,data/maps/warehouse-10-20-10-2-2.map,"{""random-64-64-10"": ""random_walk"", ""warehouse-10-20-10-2-1"": ""aisle"", ""warehouse-10-20-10-2-2"": ""aisle""}",1395.0,121.170962927863,183.9133766295272,139.43560933448575,29.84215911716456,138.96542783059638,110.0,pibt2_fr,lifelong,7153,150,100,431.156892713625,52.701314416481175,10,2000,3e75c3aba7a2e0973b881501cbee9fb3f303f27510d74a3936139115b8fbc233,0,1,6274.0,12548,9,0,749,10.0,0,ok,2000,160783,congestion_avoidance,0.9690117252931324,0.5785,2000,1194,0,7386,2000,5162,2000,0.0,377.556,0
4.0,pibt2,True,20.0,1.0,1.0,congestion_avoidance,0,1194,0,0,0,priority,1194,80,0,,temporal_progression,4,2000,lacam_official,True,20,random_walk,1170,0,1000.0,astar,0,True,1923,data/maps/warehouse-10-20-10-2-2.map,"{""random-64-64-10"": ""random_walk"", ""warehouse-10-20-10-2-1"": ""aisle"", ""warehouse-10-20-10-2-2"": ""aisle""}",807.0,110.30317598488182,205.90395761939,123.34924623115576,24.70080367050832,122.7286432160804,105.0,pibt2_fr,lifelong,6697,150,100,492.7665758819785,44.07754521234891,10,2000,1fc679f3a50d09dcc9a94347a1ed0ad6302b4d47a7c0f9e5116bf1035b907b2d,0,1,6191.5,12383,6,0,400,10.0,0,ok,2000,146538,congestion_avoidance,0.9794913863822804,0.597,2000,1219,0,6894,2000,5489,2000,0.0,421.597,0
4.0,pibt2,True,20.0,1.0,1.0,congestion_avoidance,0,1190,0,0,0,priority,1190,89,0,,temporal_progression,4,2000,lacam_official,True,20,random_walk,1313,0,1000.0,astar,0,True,1980,data/maps/warehouse-10-20-10-2-2.map,"{""random-64-64-10"": ""random_walk"", ""warehouse-10-20-10-2-1"": ""aisle"", ""warehouse-10-20-10-2-2"": ""aisle""}",922.0,135.9518449753523,201.52573823195416,127.28319327731091,28.872789247368928,126.96050420168068,107.5,pibt2_fr,lifelong,7529,150,100,481.9094393285922,49.31864951504393,10,2000,ea1289c70c52522703dce63e3bb7e541fead0701fbdd609b6be2f50e8588be45,0,1,6726.5,13453,7,0,926,10.0,0,ok,2000,151083,congestion_avoidance,0.967479674796748,0.595,2000,1230,0,7747,2000,5706,2000,0.0,412.7849,0
4.0,pibt2,True,20.0,1.0,1.0,congestion_avoidance,0,1113,0,0,0,priority,1113,75,0,,temporal_progression,4,2000,lacam_official,True,20,random_walk,1270,0,1000.0,astar,0,True,1979,data/maps/warehouse-10-20-10-2-2.map,"{""random-64-64-10"": ""random_walk"", ""warehouse-10-20-10-2-1"": ""aisle"", ""warehouse-10-20-10-2-2"": ""aisle""}",1235.0,109.19857304543255,206.0364140275633,124.69901168014376,25.403781520493794,124.35669362084457,107.0,pibt2_fr,lifelong,6569,150,100,532.2521949070506,48.57166233705356,10,2000,114b2e9f4d50125631cde3008ed0102f00b7a2d5127bdadfd467a4c1da9828f0,0,1,6347.5,12695,8,0,700,10.0,0,ok,2000,138409,congestion_avoidance,0.970357454228422,0.5565,2000,1147,0,6796,2000,5899,2000,0.0,421.7578,0
4,lacam_official,True,20,10,1,congestion_avoidance,0,119,0,0,0,priority,119,150,0,,temporal_progression,4,200,lacam_official,True,20,random_walk,1048,0,100.0,astar,0,True,189,data/maps/warehouse-10-20-10-2-2.map,"{""random-64-64-10"": ""random_walk"", ""warehouse-10-20-10-2-1"": ""aisle"", ""warehouse-10-20-10-2-2"": ""aisle""}",189.0,11493.867640965618,1032.5009816751117,102.7983193277311,9947.63382228557,99.31932773109244,98.0,lacam_blind,lifelong,801,150,100,10984.860860870685,11198.68803609861,10,200,a1479e4e70abd03574c8cd7c9656f63a1b09f1826931aea8fc44a4b75a5b1e8e,0,1,4280.5,8561,1,181,0,10.0,0,ok,2000,11819,congestion_avoidance,0.09818481848184818,0.0595,2000,1212,0,829,2000,7732,2000,0.0,2077.1696,0
4,lacam_official,True,20,10,1,congestion_avoidance,0,0,0,0,0,priority,0,150,0,,temporal_progression,4,200,lacam_official,True,20,random_walk,898,0,100.0,astar,0,True,0,data/maps/warehouse-10-20-10-2-2.map,"{""random-64-64-10"": ""random_walk"", ""warehouse-10-20-10-2-1"": ""aisle"", ""warehouse-10-20-10-2-2"": ""aisle""}",0.0,11513.67790310178,1120.3274251771509,0.0,10837.139035901637,0.0,0.0,lacam_blind,lifelong,71,150,100,10942.373453400796,11279.890385270119,10,200,665c467345c469154b65791737307943e2bed2d552436ecf94432ddd3d4701f0,0,1,3699.0,7398,9,198,0,10.0,0,ok,2000,0,congestion_avoidance,0.0,0.0,2000,1194,0,73,2000,7325,2000,0.0,2252.2038,0
4,lacam_official,True,20,10,1,congestion_avoidance,0,0,0,0,0,priority,0,150,0,,temporal_progression,4,200,lacam_official,True,20,random_walk,1024,0,100.0,astar,0,True,0,data/maps/warehouse-10-20-10-2-2.map,"{""random-64-64-10"": ""random_walk"", ""warehouse-10-20-10-2-1"": ""aisle"", ""warehouse-10-20-10-2-2"": ""aisle""}",0.0,11489.588788943365,1122.9225495533901,0.0,10880.933659716975,0.0,0.0,lacam_blind,lifelong,0,150,100,10889.603460527724,11240.29321820708,10,200,3b7aceff8557b82c5bf91ee7fd0456d805821439e47cd0146bd02e9617ca6923,0,1,4335.0,8670,6,200,0,10.0,0,ok,2000,0,congestion_avoidance,0.0,0.0,2000,1219,0,0,2000,8670,2000,0.0,2257.5859,0
4,lacam_official,True,20,10,1,congestion_avoidance,0,0,0,0,0,priority,0,150,0,,temporal_progression,4,200,lacam_official,True,20,random_walk,817,0,100.0,astar,0,True,0,data/maps/warehouse-10-20-10-2-2.map,"{""random-64-64-10"": ""random_walk"", ""warehouse-10-20-10-2-1"": ""aisle"", ""warehouse-10-20-10-2-2"": ""aisle""}",0.0,11580.128646921366,1128.867444627802,0.0,10944.959437785437,0.0,0.0,lacam_blind,lifelong,0,150,100,10948.438416916179,11279.413360054605,10,200,7d60130cd5eb71dceb75f1ac32038d2435a4a328e04b4c4724de34b7cd978311,0,1,3507.0,7014,7,200,0,10.0,0,ok,2000,0,congestion_avoidance,0.0,0.0,2000,1230,0,0,2000,7014,2000,0.0,2269.1551,0
4,lacam_official,True,20,10,1,congestion_avoidance,0,0,0,0,0,priority,0,150,0,,temporal_progression,4,200,lacam_official,True,20,random_walk,846,0,100.0,astar,0,True,0,data/maps/warehouse-10-20-10-2-2.map,"{""random-64-64-10"": ""random_walk"", ""warehouse-10-20-10-2-1"": ""aisle"", ""warehouse-10-20-10-2-2"": ""aisle""}",0.0,11613.823206047527,1129.382953878725,0.0,10945.538924749708,0.0,0.0,lacam_blind,lifelong,0,150,100,10945.483263913775,11393.64509684965,10,200,6fa175bf3fcebeed20614e9deb92c590f09bf4569d4a5950890567a2795ded25,0,1,3407.5,6815,8,200,0,10.0,0,ok,2000,0,congestion_avoidance,0.0,0.0,2000,1147,0,0,2000,6815,2000,0.0,2270.0818,0
4,lacam_official,True,20,10,1,congestion_avoidance,0,0,0,0,0,priority,0,150,0,,temporal_progression,4,200,lacam_official,True,20,random_walk,1035,0,100.0,astar,0,True,0,data/maps/warehouse-10-20-10-2-2.map,"{""random-64-64-10"": ""random_walk"", ""warehouse-10-20-10-2-1"": ""aisle"", ""warehouse-10-20-10-2-2"": ""aisle""}",0.0,11566.868001013063,1130.843782220909,0.0,10932.24041815265,0.0,0.0,lacam_blind,lifelong,0,150,100,10930.93918437371,11296.552799403435,10,200,38bcf8bbcb4e6712693d92e09ec158a94aa26831bd958ccef0a4dfef1db3678c,0,1,4477.0,8954,5,200,0,10.0,0,ok,2000,0,congestion_avoidance,0.0,0.0,2000,1218,0,0,2000,8954,2000,0.0,2273.6266,0
4,lacam_official,True,20,10,1,congestion_avoidance,0,0,0,0,0,priority,0,150,0,,temporal_progression,4,200,lacam_official,True,20,random_walk,912,0,100.0,astar,0,True,0,data/maps/warehouse-10-20-10-2-2.map,"{""random-64-64-10"": ""random_walk"", ""warehouse-10-20-10-2-1"": ""aisle"", ""warehouse-10-20-10-2-2"": ""aisle""}",0.0,11649.005818995647,1131.4369540151674,0.0,10940.822098052595,0.0,0.0,lacam_blind,lifelong,32,150,100,11004.084630100988,11355.232802138198,10,200,19fcacb04baa7fd7ffd94ea7cea03b1ef8f7744391eb720da0a90956d887e42e,0,1,3577.0,7154,3,199,0,10.0,0,ok,2000,0,congestion_avoidance,0.0,0.0,2000,1238,0,32,2000,7122,2000,0.0,2274.2413,0
4,lacam_official,True,20,10,1,congestion_avoidance,0,0,0,0,0,priority,0,150,0,,temporal_progression,4,200,lacam_official,True,20,random_walk,928,0,100.0,astar,0,True,0,data/maps/warehouse-10-20-10-2-2.map,"{""random-64-64-10"": ""random_walk"", ""warehouse-10-20-10-2-1"": ""aisle"", ""warehouse-10-20-10-2-2"": ""aisle""}",0.0,11592.430906952359,1133.013142505195,0.0,10943.419756458607,0.0,0.0,lacam_blind,lifelong,0,150,100,10951.90800765995,11324.518093606457,10,200,a6d57a78502c78a92e3102c1f1be44066a8c71eab51d71b1b4d21408dd45a7e3,0,1,3731.0,7462,4,200,0,10.0,0,ok,2000,0,congestion_avoidance,0.0,0.0,2000,1273,0,0,2000,7462,2000,0.0,2278.0824,0
4,lacam_official,True,20,10,1,congestion_avoidance,0,0,0,0,0,priority,0,150,0,,temporal_progression,4,200,lacam_official,True,20,random_walk,845,0,100.0,astar,0,True,0,data/maps/warehouse-10-20-10-2-2.map,"{""random-64-64-10"": ""random_walk"", ""warehouse-10-20-10-2-1"": ""aisle"", ""warehouse-10-20-10-2-2"": ""aisle""}",0.0,11578.021752065979,1134.4367658616393,0.0,10978.387592076324,0.0,0.0,lacam_blind,lifelong,0,150,100,10974.41820121603,11376.416191586759,10,200,ac19b2569fe62c7774e2112a990c650299d65555811b046797fc278f45351ed2,0,1,3295.5,6591,0,200,0,10.0,0,ok,2000,0,congestion_avoidance,0.0,0.0,2000,1217,0,0,2000,6591,2000,0.0,2280.842,0
4,lacam_official,True,20,10,1,congestion_avoidance,0,0,0,0,0,priority,0,150,0,,temporal_progression,4,200,lacam_official,True,20,random_walk,796,0,100.0,astar,0,True,0,data/maps/warehouse-10-20-10-2-2.map,"{""random-64-64-10"": ""random_walk"", ""warehouse-10-20-10-2-1"": ""aisle"", ""warehouse-10-20-10-2-2"": ""aisle""}",0.0,11551.577117992565,1136.940434518794,0.0,11002.143829824636,0.0,0.0,lacam_blind,lifelong,0,150,100,11006.904386315728,11350.559083907865,10,200,0340b207daec8e79873f9b094db41ec1784bcc1ffc3a79a3ad6330be4badddb7,0,1,3399.0,6798,2,200,0,10.0,0,ok,2000,0,congestion_avoidance,0.0,0.0,2000,1217,0,0,2000,6798,2000,0.0,2285.4424,0
